,Log Returns
0,0.0034405221182011174
1,0.00026416589771899426
2,0.008940369831352822
3,-0.00498623261137222
4,-0.002370605614336187
5,0.0015810279973185514
6,0.0028920751063730254
7,0.00862637684989796
8,-0.006790310760324995
9,-0.0052548728383585855
10,-0.01139236059479768
11,-0.011793221645429968
12,0.009392260107891676
13,0.002400961537538268
14,0.004254194132114597
15,-0.013354899342065405
16,0.005095894090438176
17,0.03882964192187725
18,0.006157023042026183
19,0.0
20,0.0015333506709893287
21,0.01595980677652779
22,0.01694533444893683
23,0.006894880799097436
24,0.00709136117564225
25,-0.010040490862878665
26,-0.0019709294382135546
27,0.0024630554323978138
28,-0.002709694969965584
29,0.017119518124905343
30,-0.016626299865831456
31,0.018806269240713117
32,-0.01339686337733185
33,0.012912836262363999
34,-0.010708303832487298
35,-0.013796720447111438
36,-0.02664813290065699
37,0.022172740050408087
38,-0.001246727502216082
39,-0.002748284053377139
40,-0.016395877444266363
41,-0.01279771753810163
42,0.0038565416097536376
43,-0.0012838620328135056
44,0.00538117890451675
45,0.0
46,0.010170441086273112
47,-0.032132310723840665
48,0.0015661710327448761
49,-0.025625494120106018
50,0.0034726894789727744
51,-0.0034726894789726664
52,-0.01076147054885197
53,-0.0002705261750570371
54,-0.013620477522966403
55,-0.008538820645743359
56,0.009909247062771768
57,-0.01157037701284811
58,-0.006951230547967479
59,-0.0041940506046609025
60,0.007814720205463558
61,0.02417036092781319
62,-0.007353975672626028
63,0.01788180944614689
64,-0.01870226621307899
65,0.01034304266868446
66,0.004053511833182637
67,0.004842624475787991
68,0.01729456435480093
69,0.011539598285021858
70,0.0
71,-0.011803415724884601
72,0.004212749779622872
73,0.008633147144702875
74,-0.013637767099002955
75,-0.010351784543482071
76,-0.12942336098194845
77,-0.015917079234817045
78,-0.012418663171684314
79,0.010256500167189282
80,-0.011506891077210852
81,0.02715378185886941
82,-0.004576667027411755
83,0.019532758181061736
84,0.022682760346284872
85,-0.011499463296899706
86,0.015303418139886706
87,-0.02065579487847861
88,0.00949562030992638
89,-0.0032539593864504388
90,-0.0008892841848841728
91,-0.027662617743556682
92,0.008500354765392525
93,-0.040406421874065776
94,-0.018745584651794368
95,-0.031272906785037004
96,0.04180099892458988
97,-0.025716621316452276
98,0.043644448545582575
99,-0.000935599631634683
100,0.009007670782282026
101,-0.030771658666753774
102,-0.0099343871027193
103,-0.04411511890497151
104,-0.0037093281445015574
105,0.019405092009688117
106,0.04913722754353207
107,0.001261034215028165
108,-0.009178731951813422
109,0.02635860162373424
110,0.03319933346350518
111,-0.016614186720187836
112,-0.0006093845404908627
113,-0.008878062293400393
114,-0.03632208919740282
115,0.0
116,0.00350151559410849
117,0.03589088611655219
118,-0.012027901365521398
119,-0.005288548645939372
120,0.020071694368885562
121,0.02773768420188568
122,0.02409047170748943
123,-0.0037807228399061557
124,0.006679275593917187
125,-0.010474346562469015
126,-0.013545554577651022
127,-0.01613902334167563
128,-0.032769736653322286
129,0.024601486730308236
130,-0.01253264149305516
131,0.021002141606629124
132,-0.02408285876898706
133,-0.012106309584887166
134,-0.02883139665902306
135,-0.02210034700066597
136,0.04025660303734542
137,0.030465520596093938
138,0.01910596404461456
139,0.011647137787192445
140,0.019697829294232406
141,-0.001165161797999942
142,0.004362374229425129
143,0.024366978840511554
144,-0.05411442336605758
145,-0.0023944938109549865
146,0.010137236482686723
147,-0.008041741029468552
148,-0.012639349724518722
149,0.02334736399699089
150,0.02599065849268517
151,-0.004622949579757244
152,0.019501621765060085
153,0.03213913614231681
154,0.0027464999412389465
155,-0.0077092892833679726
156,-0.048127034171656854
157,0.004052103952570829
158,0.032678003522863264
159,0.03434875387442506
160,-0.012503560559402254
161,0.009798663048702222
162,-0.04063015665651486
163,0.00870669732717683
164,0.027580347182172886
165,-0.009017686467013775
166,0.012005601225580687
167,-0.006803672999688439
168,-0.05126455008251395
169,-0.0060545089087062605
170,-0.016620881236040407
171,-0.02440597328722083
172,-0.019471257077305053
173,0.0
174,-0.007710138425967434
175,0.023559296765090568
176,-0.0030284699100617536
177,0.057175264033304994
178,-0.0014332810250697763
179,-0.006042314455962698
180,0.00747559548103238
181,-0.0002864919085630918
182,0.005999160971959318
183,-0.01318826454442869
184,0.004606976187435419
185,-0.004029942126415511
186,-0.0201026434531462
187,-0.008571058825324489
188,0.0032597450705114674
189,0.019918643306519265
190,-0.013724846776388265
191,0.04849608976648948
192,-0.007027435807456862
193,0.02341896824684225
194,0.00850601918234174
195,0.0
196,0.0032733253449691085
197,-0.011779344527310782
198,0.015041990162127207
199,-0.005716634596383095
200,0.0
201,-0.024037626485409753
202,0.0016764463272523522
203,0.00834033191621895
204,-0.01393945068726904
205,0.010055950660871423
206,0.0002778935685525075
207,-0.005293228684284886
208,-0.0013976242666378616
209,-0.0039237718503302745
210,0.0
211,0.015603548674320369
212,0.0551288928481203
213,-0.008935670494249356
214,-0.013555024820485113
215,-0.005366259188231695
216,0.0037594029239057455
217,-0.014035318116383593
218,0.009199199072305752
219,-0.009335114804761145
220,0.0023080588618254664
221,0.000813338800428281
222,0.017728103293580818
223,0.003455152938981791
224,0.019183350061366563
225,-0.01046582028012743
226,-0.019119010410513428
227,-0.0005363368323792894
228,0.0013403031091018577
229,-0.017293054559301826
230,-0.0010908100345301468
231,0.00788154643843335
232,-0.006518219710569201
233,0.011648513128464022
234,0.0010767161201720114
235,0.0
236,-0.014634407518437696
237,-0.009049835519918038
238,0.0005508124622874325
239,0.0013757052658050634
240,-0.0008251960308723608
241,0.01149123451946111
242,-0.018948802572038573
243,0.0019387902486348516
244,-0.012249596378488948
245,-0.014957242299702364
246,0.004539014885162581
247,0.009577537999746328
248,0.005033567674829123
249,0.0077799781139194675
250,-0.0075010769825621625
251,0.020152510854128725
252,-0.00136742808125491
253,0.009532960658723687
254,-0.011176346402453746
255,0.007101914580849154
256,-0.004091100755864107
257,0.005994568359814243
258,-0.002992792330405205
259,-0.0035485228992348473
260,0.010878540787250637
261,-0.0013533633138890903
262,-0.0087051692273309
263,0.0038178393796590537
264,0.012442681492121367
265,0.003220614700042157
266,-0.016480178470400116
267,-0.01537224890396929
268,-0.0002766634406912578
269,0.0
270,-0.01955915942720232
271,-0.010495061584793446
272,0.013594092097162972
273,0.017566323717899283
274,-0.010279295956807639
275,-0.0030764952247479176
276,0.018868484304382736
277,-0.004407720634709017
278,-0.012781502149953937
279,-0.013513719166722707
280,-0.01657654418577697
281,-0.0037534330192804085
282,0.009787067183411415
283,0.012807916652497996
284,0.0014130283543696742
285,-0.001130262906423141
286,-0.003966010864243017
287,-0.008838261381744658
288,-0.006608269989743202
289,-0.0262865602554597
290,-0.0098142051675206
291,-0.02297561765547012
292,-0.021639175103481293
293,-0.0021898960730359074
294,-0.0009399969358917789
295,-0.00628932890756399
296,-0.011421443955360112
297,-0.00031913196377441824
298,-0.010911533164443455
299,-0.016265810799493498
300,0.013033745930326916
301,0.0018758697567177467
302,0.007789153932503778
303,-0.010636683684697158
304,0.002265739761963463
305,0.0
306,0.013487680381951429
307,-0.0015961695328222147
308,-0.008985939797714842
309,-0.020189549336216788
310,0.003611890316402452
311,0.00913546320783059
312,0.02912671894682591
313,0.001261034215028165
314,0.008470638883508646
315,-0.013682685745216855
316,0.02146240446050804
317,-0.012476768215160333
318,-0.0009420631879010176
319,0.020215273999475605
320,0.011631597315644846
321,0.005765453688573145
322,0.005732403689552206
323,-0.02205244866613231
324,0.020848354601327765
325,-0.03307098684388205
326,0.007598702918912671
327,0.0038547576835354477
328,-0.00772443204258143
329,0.025720952517062884
330,-0.008195523182480178
331,0.007590745419867844
332,0.0
333,0.001209189990139177
334,-0.027566829832654592
335,-0.013444004268937939
336,-0.011077815453949669
337,-0.0009552619736129339
338,-0.011534892393573335
339,0.019151558857268505
340,-0.0025324483303352774
341,0.0018999372403042305
342,0.029918093060615734
343,0.007646466373802676
344,-0.013188352478706863
345,-0.01838344339710675
346,-0.010431578709815707
347,0.014198061505292668
348,0.01708381353314652
349,0.013156071656571679
350,0.013884919719219742
351,0.0005993407431430052
352,0.00627148539051233
353,-0.005672503641546755
354,0.038183786970158805
355,-0.0017306032585791317
356,0.007191171504448337
357,0.0011458036200579205
358,-0.002006018726865743
359,0.0057208394012137126
360,-0.0017128180036748277
361,0.007117467768863955
362,0.0028328630843041072
363,0.007328104947104542
364,0.0033641747456320684
365,-0.01864460788323164
366,-0.0014267372943809016
367,-0.0034324976493244363
368,-0.01094796299315417
369,0.006065000540755249
370,-0.00519631654230376
371,0.0060597501835123945
372,-0.0005755395842322747
373,-0.008673081253428893
374,0.008960892451271178
375,0.0
376,-0.009541781227407755
377,-0.009927088822278468
378,0.024635356857625742
379,-0.007471299121808529
380,-0.015405042330637529
381,-0.002052485693419397
382,-0.007660614953080544
383,0.01584540194856372
384,0.0
385,-0.004668815017148535
386,0.0037950709685517555
387,-0.0032102756302482102
388,0.0005844535525806061
389,-0.004685220869218621
390,-0.009436814354336348
391,-0.024292692569044587
392,-0.006854036427792033
393,0.006094792598137825
394,-0.00533090897685106
395,0.004875085828337201
396,0.014184634991956381
397,-0.0042042103967797105
398,-0.002108752099408666
399,0.002710436834769103
400,-0.007850281861373033
401,-0.01619592315404494
402,-0.012711378719766195
403,0.0
404,-0.010665094816423009
405,0.015334364000106742
406,0.013265658054866729
407,-0.0033768259256194005
408,-0.02490788791296272
409,-0.011733129687717473
410,-0.0019157093981390094
411,0.011123585218662302
412,-0.004117187130269853
413,-0.0031786422186281483
414,0.010136292044549099
415,0.0
416,0.0
417,-0.01234822398769488
418,0.03632570772828256
419,-0.011138729026325293
420,0.007748372873871418
421,0.02325934625411535
422,-0.03194157133593079
423,-0.006248067811270396
424,-0.041266050060614415
425,-0.008856872724030362
426,-0.0072751643632974336
427,-0.007328480500353211
428,-0.010080730528356785
429,-0.008138396902971164
430,0.019221633780953658
431,-0.010745570151829623
432,-0.007115056273749125
433,0.0
434,0.019529240195014057
435,-0.009716946952263755
436,0.0013458952233549413
437,0.01733376732820098
438,-0.002978655189240162
439,0.008252233660176987
440,-0.01690741418929023
441,-0.0030135633052642947
442,0.0036820125280152115
443,0.01919317686397073
444,0.01108225162281858
445,0.0045278214482599236
446,0.015370139276658718
447,0.007281969806919538
448,0.0015760444554657142
449,-0.003470582439247555
450,0.006929161582449337
451,0.014334929170992093
452,0.004322328433550584
453,0.005223548518784203
454,-0.001226617755759096
455,-0.0009209517151306953
456,0.0
457,0.0
458,-0.0073983074814449245
459,-0.006518725551472044
460,0.014837984748047766
461,0.0
462,0.034974924469068615
463,-0.01042451733588409
464,-0.005704864593999515
465,-0.001205182429694169
466,-0.017931903064272264
467,0.010973774854805315
468,0.018349138668196617
469,0.0011915402065108655
470,-0.014393052065046569
471,-0.00272191306717281
472,0.010244138998563855
473,0.00746606424646835
474,-0.0023830812588770405
475,0.0
476,-0.008987478111634428
477,-0.002410365734631374
478,0.003012050469991621
479,0.001502629884534875
480,0.012533736147256657
481,-0.004160481484259989
482,0.005642182748081802
483,-0.009521047823238867
484,0.03148707964098982
485,-0.015178341599065873
486,0.0064497438478859186
487,0.0066987289956203224
488,-0.014914737653587482
489,0.06969975181798832
490,0.001373060767689104
491,0.004927466854607002
492,0.0040877560668161625
493,0.014847080665962357
494,-0.006586487955147172
495,0.0
496,0.0020208831397723103
497,-0.019022312709100885
498,-0.008541173290584741
499,0.019997927081970603
500,-0.02082837695668673
501,0.009097237102391237
502,0.007926787439818292
503,-0.007103855010987038
504,-0.000274235570071836
505,-0.0032967062824917548
506,0.0158343466666263
507,-0.003799190458476345
508,-0.0005439216886888117
509,0.002445321147859475
510,0.002710028758865158
511,-0.003252916937237
512,-0.0054451536662507615
513,0.002998502996256633
514,-0.012599454540043716
515,-0.0071922854991257855
516,0.0002775850121918443
517,0.009117344549276239
518,-0.017478597273959673
519,0.013068446796407156
520,0.0005523336235418499
521,0.013437745053475555
522,-0.0057369369202971265
523,0.00737003472473491
524,0.0
525,-0.013691342018369648
526,-0.004975134640113843
527,-0.020151815437308155
528,0.008165609217605117
529,-0.0033707897084889887
530,0.004491866059088233
531,0.006143554648405439
532,0.022571836352980778
533,-0.0010893247264549934
534,-0.010821282228314648
535,-0.01205418128801888
536,0.011916449726613912
537,-0.03847168245206446
538,-0.020243606276646772
539,0.0032084029272357022
540,0.010716974404365384
541,0.019683990266033784
542,0.00983844900028794
543,0.014991952084962299
544,-0.01919658336699412
545,0.01006157174543484
546,0.012710864696042322
547,-0.008825208960626694
548,0.014028561793309621
549,0.025351951077998876
550,-0.0037353298500890355
551,-0.006705134414416964
552,0.008040783070304841
553,-0.009656727402553036
554,0.002960572745141626
555,-0.001344628412893443
556,0.006437790474848517
557,0.006130900184859817
558,-0.0013296106200267213
559,-0.01339425328766482
560,-0.010846093309390212
561,-0.0002726653050294527
562,-0.009590428350142156
563,0.0005505092349325582
564,-0.0005505092349326475
565,0.0
566,0.003298518658664887
567,0.004107906639357952
568,0.017608473377750827
569,-0.020619287202735818
570,0.009820046180975733
571,0.006763180114393232
572,-0.017680319109742007
573,-0.006331748614207657
574,0.01344143128297475
575,0.003264420744407037
576,-0.0013588804917511307
577,-0.011763232345155531
578,0.024732881857543226
579,-0.00565353504758992
580,0.013674968432164964
581,0.012964859467045953
582,-0.016700189317134902
583,-0.02627097596829716
584,0.008471153267088073
585,-0.012320484388040624
586,0.013951806120124904
587,0.003796100003281001
588,0.0037817441072887747
589,0.004304553324068938
590,0.0032162986718239917
591,0.0021384664658361994
592,0.00930239266231341
593,0.0
594,0.011311445082779308
595,-0.020880896098930075
596,0.009569451016150672
597,0.006066219314626337
598,0.023132935377636117
599,0.01327227241663021
600,-0.001776424778788522
601,0.006077506678179123
602,0.00954781122490174
603,0.000999750145755322
604,-0.004005011611218729
605,-0.0022598879674373675
606,0.005765149443317499
607,-0.013335208303862894
608,0.005053067851391201
609,-0.009877248846303702
610,-0.002038217266128118
611,0.0010196279241772238
612,0.012406792895253435
613,0.047903054769034586
614,-0.005049908531378954
615,0.004810014083784878
616,-0.008916796036438194
617,-0.007288662004705383
618,-0.003909118097955879
619,-0.005892479607805515
620,0.0036868666563176305
621,0.002939737540924974
622,-0.013049551179491267
623,-0.023571803509045593
624,0.0025342132163871218
625,-0.01504554710549491
626,0.0048699314496183765
627,-0.006927545344298466
628,0.005648282025408688
629,0.0005119017260489781
630,0.0023003205031579244
631,-0.01621448469151965
632,0.011223751957619838
633,0.0014101662486834812
634,-0.005652635811708603
635,0.0
636,0.009743666830725077
637,0.009649643185792815
638,-0.011693066629910183
639,-0.005383938143022207
640,0.0010277493196530732
641,0.012504947945482183
642,0.0
643,0.0010139417852198555
644,0.0032882285856792744
645,0.011798806387618264
646,0.005227143202308303
647,0.003717015802318
648,0.0004945598518213084
649,-0.005205117713016953
650,0.0022340830937928585
651,0.01501197134786664
652,-0.014516185517185623
653,0.005930336134848533
654,-0.007170261898169266
655,-0.0002481697493813026
656,0.00024816974938133185
657,-0.010225803035321925
658,-0.009824994010239079
659,-0.002788694924261667
660,0.0022822375824662236
661,-0.015057066397624845
662,-0.0018015704267916953
663,0.022037704801974617
664,0.010403051769684715
665,0.007205895262798002
666,-0.020763722820810133
667,0.008808412306131058
668,0.006991289400467257
669,0.0027332604915274346
670,0.004950505159856205
671,0.0004937052679893016
672,-0.03977367943642912
673,0.0012832030504524355
674,-0.0030824581303743282
675,0.013796846342780566
676,0.022207800569562505
677,-0.008598719564190966
678,0.07264077798832543
679,-0.009824640428518204
680,0.0018788168983799455
681,0.0009380863727333207
682,0.007240484743699302
683,-0.019030293553796852
684,0.01716679429568222
685,0.001630751671820239
686,0.012491487894029053
687,-0.0014953703827545492
688,-0.0003454032617381013
689,0.004366317404529318
690,-0.00597977862812413
691,-0.019096993961008724
692,0.005860994388717437
693,0.024133727153038718
694,-0.0003423289814911611
695,0.0006845408139529316
696,-0.008015616030213139
697,-0.0020715855031879812
698,0.0
699,-0.0025377796524699756
700,-0.012552466071119973
701,-0.002576415525180117
702,-0.0051728307210526904
703,-0.0021238946037041907
704,0.02864324353192749
705,-0.005755742838224431
706,-0.006950908430890467
707,-0.020197962347780526
708,-0.004279607102364995
709,-0.010539019702837295
710,0.00540314696253061
711,0.0044208208685810775
712,0.014439829545609238
713,0.0032848457504875556
714,0.016955463680275104
715,0.015086000394513186
716,0.007796209196056044
717,0.0
718,-0.001689665285126382
719,-0.0015796009151523881
720,0.004056800695614469
721,0.0065015361848137524
722,0.0
723,-0.013045619112429201
724,0.008341836220786455
725,-0.002022699869307883
726,0.005608539659609617
727,0.013112755948599375
728,-0.0015467907182986822
729,-0.003322630147266839
730,0.00177344316043757
731,0.021039566355619852
732,0.004975672785615992
733,-0.0015117160853219673
734,-0.0015140048312150718
735,0.0
736,0.0010816658707409699
737,-0.004116569565894975
738,-0.02350465153945824
739,-0.020434078008421914
740,-0.00045382347046184603
741,0.022220642680149793
742,-0.009814934914173436
743,0.016672610279323236
744,-0.011084130327434357
745,-0.02803076831857935
746,-0.00022927891880787445
747,0.0020616202468694183
748,0.00022880677367869968
749,0.016563055896206116
750,0.007174918672295264
751,0.0020087050610808088
752,0.01548703520116212
753,0.005691784192683495
754,-0.0010920608271083592
755,0.0
756,-0.005698021114637667
757,-0.013274531208696188
758,0.006659292089976997
759,0.0013265533672056709
760,0.0002209212424761205
761,0.0015450836315157711
762,0.004181804267307797
763,0.0017555413769183247
764,-0.0013163670176418033
765,-0.013259862788337906
766,0.029807159575031352
767,0.005169083230415319
768,0.0021459235702766762
769,-0.0015016628371578506
770,-0.0015039212201892532
771,-0.006687545148312386
772,0.004750602758597799
773,-0.005616778646447009
774,-0.0019516432520184372
775,0.013368030035020056
776,0.014881226996651334
777,-0.0025353911743518282
778,0.01709443335930004
779,-0.013293753108508237
780,0.0018949368761109258
781,0.002521009738548108
782,-0.010758462591129487
783,-0.014957543819618913
784,0.010067558525427112
785,0.01774444529907191
786,0.0018826488146165888
787,0.00873913177343822
788,0.0061958066852518855
789,-0.029035982378124544
790,-0.005739201639162341
791,0.01439178279265263
792,0.015015923433296278
793,-0.028342403046474302
794,-0.010704448177577906
795,0.003008813789337033
796,0.012157556164570106
797,-0.015381632036322717
798,0.018767878658308892
799,0.0
800,0.005688417319217672
801,0.006282743179495209
802,0.0029184927949132172
803,0.007259183593444472
804,-0.025747105136057116
805,-0.0046758852462927365
806,0.007534391242256443
807,0.005166880266913891
808,-0.018684195338764063
809,0.00235470514451118
810,-0.00021383513392729566
811,-0.00880684459200344
812,0.011583141089630855
813,0.0040438492905810735
814,-0.004257137123318722
815,0.01671112394797703
816,-0.016497836115239355
817,-0.00942796784164741
818,-0.01300126655737374
819,0.011924260529735572
820,0.0
821,-0.008658062743114541
822,0.007364122515135259
823,0.0021556378254605673
824,0.004726109763593121
825,0.0
826,0.01193026506408296
827,0.0008467401013949446
828,0.0010574178842950518
829,0.006111071594317678
830,-0.007380107297622646
831,0.0038022859497384787
832,0.006933529194856196
833,0.010621780588054918
834,0.00784155895961236
835,0.01327227241663043
836,0.0024311195118196737
837,0.0008090615328060517
838,-0.006083977395436113
839,-0.00040691760480097647
840,-0.0055096558109696955
841,0.009571399819147347
842,-0.002638256223323853
843,-0.0004065040706384807
844,0.003450028789883926
845,0.0024281679271546926
846,-0.014658242911216337
847,0.0016393446294332124
848,-0.008223730557612496
849,0.004531418670485014
850,0.0030778725436796366
851,0.0194771829714068
852,-0.0034215591395809937
853,0.004626378562431398
854,0.0
855,-0.007452950200042997
856,-0.003240181044625795
857,0.0068728792877620504
858,-0.007481583780534662
859,-0.003863756713161117
860,0.0
861,-0.009828088936262538
862,0.0030816665374081144
863,-0.012384059199721666
864,0.008067062054320782
865,0.0002059944388785666
866,0.006774120126006157
867,-0.03688302215139017
868,0.0016967130263464
869,-0.02771688867179668
870,0.004998380503229742
871,0.0025979663887050726
872,0.0
873,-0.02695462847984799
874,0.022403748375095664
875,0.0043346405104402515
876,-0.0006489994819470397
877,0.009476702411177726
878,-0.023423322017561598
879,0.008739404542345335
880,0.006504793100771641
881,0.006677461537286653
882,0.009401778655728594
883,0.0012752392801525072
884,0.006140834543584389
885,-0.007203420978703739
886,0.00042517007443185163
887,0.011411789101630572
888,0.004193757457047764
889,-0.0005232588680951248
890,-0.0011521341939560727
891,0.0023029425021630066
892,-0.003351490359582709
893,0.007525119122511278
894,0.016727287280461633
895,0.0
896,-0.0011269915643939488
897,-0.0042118301515213985
898,0.0010289125303239006
899,0.004719409600814549
900,0.0024534872254342215
901,-0.007378594656861924
902,-0.006604771171913623
903,0.0018620052964307989
904,-0.01478423596514689
905,-0.007580579573677624
906,0.015728540665266147
907,0.0072561736432799695
908,0.01588229501311829
909,-0.015469242549583607
910,-0.00891844550724687
911,-0.010471299867295366
912,0.005877430857068083
913,-0.009040322265576245
914,0.005265941605287048
915,-0.0016820861829848262
916,-0.006121391146363918
917,-0.02486730496020007
918,0.004547923377650242
919,-0.003246404755746681
920,-0.0032569782346937586
921,-0.023212086665412707
922,0.027985365418070535
923,-0.014388737452099669
924,-0.13083723980916748
925,-0.032172652114004566
926,-0.012483907253612914
927,-0.012641727482589592
928,0.03796607823532113
929,-0.02062460319883369
930,0.01883683615391027
931,0.03688788568418994
932,-0.015392558127574344
933,0.009214359802833656
934,0.017203668336448204
935,0.0031626349192993143
936,0.017098550220522795
937,0.008085656417838467
938,-0.027129259524856092
939,0.04799020586372484
940,0.0023169611847985564
941,-0.007666433181295248
942,0.0163075377009928
943,-0.0017222577309506982
944,-0.008540155771578397
945,0.008080385648536697
946,-0.0025325212108186926
947,0.0
948,-0.011359806869939301
949,0.010898658602601566
950,0.0067804661313803395
951,0.008439831119498904
952,-0.0200752368528329
953,0.0020835752415705685
954,0.012411099323709244
955,0.006375249279480232
956,0.0013608530111045452
957,0.020859789669045108
958,0.0
959,0.002217295808647531
960,-0.009345862418237769
961,-0.0017901101222486501
962,0.04253161850619748
963,-0.012309841221485563
964,0.005849870435959158
965,-0.021950103216267364
966,0.002756493282948019
967,-0.020692695167532783
968,0.004710113003033198
969,-0.02240166084381552
970,-0.013129291441792736
971,-0.0006958135500497388
972,0.01405391176552113
973,0.03263483040623811
974,0.0026536946134663015
975,0.007919091098947452
976,0.0032812016751291627
977,0.0010913457374801849
978,0.0
979,-0.0028399800628311823
980,-0.004165302525577426
981,-0.006612322968251842
982,-0.002435515429519159
983,0.0
984,-0.005334531432412643
985,-0.022538704809769317
986,-0.019565591338538482
987,0.0055632966853285115
988,0.03140189754814278
989,-0.0026917916657114146
990,-0.011067306639681673
991,-0.0013636365749437925
992,0.02337710411212265
993,-0.01229477876879079
994,0.00851068966790861
995,0.0
996,0.009323042001432061
997,0.019906596313506324
998,0.007981921355248106
999,-0.0004298302236819506
1000,0.005787177227661095
1001,-0.021603778209120777
1002,-0.0017486343253510592
1003,0.0030581063588208724
1004,-0.016492952193841205
1005,-0.007455662422513363
1006,0.01815213095074684
1007,0.01621098439169095
1008,0.05684659219939898
1009,-0.008190053970044367
1010,-0.015748356968139168
1011,0.020670434173567537
1012,-0.00030692107254079595
1013,0.022561531616007102
1014,0.014500204400121446
1015,0.0
1016,0.003936238107316834
1017,-0.003936238107316837
1018,-0.0035559105031104494
1019,0.007786742809052287
1020,-0.0060072069958915
1021,0.017817407223154943
1022,-0.0034992259655656386
1023,0.002237028603955488
1024,-0.0037961791829135604
1025,0.021991627018465448
1026,-0.018875753027250006
1027,0.0009717229411011341
1028,-0.011723463696059146
1029,-0.0025583011099700116
1030,0.011363758650315003
1031,-0.03569682997206536
1032,-0.010452172886456904
1033,0.013677331900539606
1034,-0.0034270772378884747
1035,0.018209607712293272
1036,-0.013977863361986793
1037,0.009605837319967104
1038,0.0017908670590792955
1039,0.01126828172898013
1040,-0.009778338567826573
1041,-0.015101042003192209
1042,-0.031319722974083586
1043,0.0024922131279595436
1044,0.02042877593341797
1045,0.01382533752199725
1046,-0.02004318539211971
1047,-0.012138817914511008
1048,-0.0026945813795900527
1049,0.0
1050,0.0029015564398342875
1051,0.012442959655580288
1052,-0.00020441537274778872
1053,0.009866326284484564
1054,0.01207258123426924
1055,-0.009444458827999689
1056,-0.014848233741044948
1057,0.026490276112531786
1058,0.002988943143812784
1059,-0.02131590861718356
1060,0.008298802814695064
1061,-0.007790801787768222
1062,0.0015224565234551995
1063,-0.014918024690990921
1064,-0.02586171243949685
1065,0.0004224757139306974
1066,0.012383409374151014
1067,-0.006697387947521535
1068,0.000734715330872481
1069,0.01943019202822241
1070,0.005131900824692237
1071,-0.026978187310456148
1072,-0.009192309431416818
1073,0.006454024413395811
1074,0.032374688800199114
1075,0.008438868645864604
1076,-0.005991386290129357
1077,0.011443742285360759
1078,0.0039194060525255345
1079,-0.012007611100204816
1080,-0.0055988337836209295
1081,-0.013566497897462051
1082,0.007422714492766926
1083,-0.005975087314099263
1084,0.00020663291735883803
1085,0.0
1086,-0.01331134463823942
1087,0.015375328859090886
1088,0.0078045169199024746
1089,0.005101531317217071
1090,-0.0008144981105956762
1091,-0.01653439465108004
1092,-0.005503362625773914
1093,-0.01500159263669966
1094,0.003271252851210002
1095,-0.01699998441433374
1096,0.003743520067810121
1097,0.014309428537736058
1098,0.0027325292882695315
1099,-0.005894753911349112
1100,0.005054770661624054
1101,0.0029368596733097057
1102,0.003241493924171023
1103,0.02301324408660103
1104,0.013276100745863271
1105,0.014889108427220188
1106,-0.004174541396855785
1107,-0.014547535209054075
1108,-0.002732380387418761
1109,-0.018822159591298272
1110,-0.025519058918402754
1111,0.004755623229568001
1112,-0.016690973778840865
1113,-0.002468739513922548
1114,0.0
1115,-0.016360947862763594
1116,-0.0021872274686430965
1117,-0.021691864251547524
1118,-0.011477564953389023
1119,0.015051390512833983
1120,0.0022271724128240795
1121,0.005988705932194526
1122,-0.005543866067207728
1123,-0.010281717754853086
1124,-0.003826678839597423
1125,-0.007924868827537103
1126,-0.004328517978228002
1127,-0.03982363459992105
1128,0.013685914417429388
1129,-0.018926517168856762
1130,-0.0021518239026321307
1131,0.020843956914784606
1132,0.0025752091956128542
1133,0.003267976764616013
1134,-0.0016326534238851123
1135,-0.001284671709529984
1136,0.00011685655870740798
1137,0.024014084001992217
1138,-0.01378381575117745
1139,0.007604599385219433
1140,0.019550520401521658
1141,-0.015884155157943655
1142,0.0029690555098543835
1143,-0.010545719007932787
1144,-0.0023073383563701295
1145,0.00529894109379817
1146,-0.013649720311218062
1147,-0.005840455802916617
1148,-0.02731436879089042
1149,-0.01675406434619734
1150,-0.017288649928272802
1151,-0.014302087970859127
1152,0.03769352749798559
1153,0.03913646676061498
1154,0.011864743115074168
1155,-0.017261916840636375
1156,-0.05216054340430532
1157,0.018421250369252733
1158,0.01569511875373633
1159,-0.01788783494474693
1160,0.0
1161,0.08997446238775453
1162,-0.0109829637012442
1163,-0.0038387763071656015
1164,-0.007038285383509896
1165,0.0006832935011324836
1166,0.002047083621724823
1167,-0.002274796249373958
1168,-0.01329684882180803
1169,-0.012307133164066907
1170,-0.0016368529318174902
1171,-0.017469754959831586
1172,-0.015359073226401627
1173,-0.0016943002963930223
1174,0.0024195511440897933
1175,-0.012646082927921104
1176,0.01962985604488613
1177,0.033509506193384546
1178,-0.021107725491499457
1179,0.02781527926248111
1180,0.0384401837728471
1181,0.006191970247921201
1182,0.013575859915538762
1183,0.014466407958317393
1184,-0.008179124374444556
1185,0.0002160994065676361
1186,-0.00476500793293669
1187,0.026776795250517463
1188,0.0004226542750998682
1189,-0.008274153495279176
1190,0.006159093485148255
1191,0.0035929447930051674
1192,-0.005076153031860661
1193,0.03541299016042435
1194,0.005103614221558917
1195,-0.012292717794028095
1196,-0.012028349085585241
1197,0.013058533579702936
1198,-0.024388910771745896
1199,0.018813263905953562
1200,0.01234837670510371
1201,-0.0014328116257402226
1202,0.0034761306856695034
1203,-0.02229194475545284
1204,-0.001253132996067422
1205,-0.0007317200974573624
1206,-0.013793322132335873
1207,-0.0012730746467979853
1208,-0.015620302619002713
1209,-0.0158681734094945
1210,0.0067693238078213
1211,0.0028251675859397225
1212,0.019342962843130935
1213,0.004248094748762248
1214,0.004230124751110577
1215,-0.01659965759903918
1216,0.01342874277642542
1217,-0.0016952748285592393
1218,0.0
1219,0.011387723230666535
1220,0.012295663919197867
1221,0.004340194887930145
1222,-0.03847032452397717
1223,-0.004941464561453503
1224,0.02004331490383005
1225,-0.014673309517305106
1226,-0.010119582536180144
1227,-0.015264142853624487
1228,-0.003521905467404861
1229,-0.01577985848809018
1230,-0.0006722689328821566
1231,0.032203929807652264
1232,0.022323313764124202
1233,-0.014324135882259054
1234,-0.0075651500972737555
1235,0.016355001952014267
1236,0.006807088611739208
1237,0.002963592346886464
1238,-0.0010574178842950464
1239,0.0
1240,0.005696818867156289
1241,0.012336800480559958
1242,-0.007928270195794025
1243,-0.02545746303653844
1244,0.0
1245,-0.012105638539110189
1246,-0.007421994341160557
1247,-0.015678801911806314
1248,-0.051844010038864186
1249,-0.026845655400542186
1250,-0.0007226304060095992
1251,0.008398369698831641
1252,-0.01298719552681119
1253,0.017516944600077185
1254,-0.03682586662826768
1255,0.0
1256,0.028705449424273104
1257,0.02720451623903308
1258,0.017580836810886267
1259,-0.010835840893664742
1260,0.0013898542890542977
1261,0.02401487620387392
1262,-0.021010135702120566
1263,-0.003931095361884125
1264,0.037517188408117845
1265,-0.0085164118502346
1266,-0.028537491861155773
1267,-0.02011763753661731
1268,0.009875462340957769
1269,-0.012241207470827135
1270,-0.023970466957861557
1271,0.0009699321807927448
1272,-0.024286732779742824
1273,-0.015515826782505885
1274,0.01898633100952537
1275,0.0
1276,0.029743782116501985
1277,0.024440651836320375
1278,-0.016187510079599864
1279,0.009366361674863204
1280,0.016386134427551467
1281,-0.01898568687810863
1282,0.033049319248739044
1283,0.00297177038915748
1284,0.024130159388633863
1285,-0.008727816396490437
1286,0.01627502203187328
1287,0.0114337217448113
1288,0.00827350680622303
1289,0.015277327794592033
1290,0.018826574034265083
1291,-0.02224903726799105
1292,0.017838655237105667
1293,-0.00866721417645779
1294,0.031556270034991944
1295,-0.01054709394564853
1296,-0.00020792182214419175
1297,-0.001248439612838334
1298,0.00829364073840474
1299,0.013943223636015448
1300,-0.007357482607297021
1301,-0.00906661887754082
1302,-0.007271248407001886
1303,0.0033305609471645323
1304,0.0
1305,-0.002288568563629177
1306,0.016525887356207185
1307,0.0006144393434478053
1308,-0.013190628185949307
1309,0.0016583751727761256
1310,0.00206910895255048
1311,0.005565303450132702
1312,-0.00020557097410242413
1313,-0.015748356968139168
1314,0.011834457647002798
1315,-0.0010325246141892643
1316,-0.0020682530640590683
1317,0.018868484304382736
1318,0.0010153315929619419
1319,-0.010405071942801044
1320,0.002867091867755666
1321,-0.00780131240497684
1322,0.02181311642519308
1323,-0.003231673182174678
1324,0.005648592787713419
1325,-0.0028203080740986783
1326,0.010235914759360483
1327,0.0051782629153268875
1328,-0.016625320333838206
1329,-0.018756920955519896
1330,0.01552001746167902
1331,-0.011207453020389144
1332,-0.007817361349188964
1333,-0.012468989479733836
1334,0.0027148392992685675
1335,-0.007956490885257171
1336,0.016057064831146866
1337,-0.0004138216487774923
1338,-0.020701209708402977
1339,-0.0035982682489864226
1340,0.016612725660277237
1341,-0.0035516594317837923
1342,0.01144534395932917
1343,-0.014379741369893275
1344,0.02446732047771458
1345,0.0008190008647804177
1346,0.02226361942778247
1347,0.0041945532387846485
1348,0.00971940607736744
1349,0.006492890493535278
1350,0.0
1351,0.01344132440728196
1352,0.0005803269337836512
1353,0.00019336749552660896
1354,0.001738626923040219
1355,-0.0009655306340518401
1356,0.020082916526196693
1357,0.0034026497858289065
1358,-0.004160369087094191
1359,-0.009902956572656123
1360,-0.006528441005782813
1361,0.0055710450494554295
1362,-0.0019175461292718174
1363,-0.0009601536983433704
1364,-0.016269969586518905
1365,0.012805762888849798
1366,0.0007708614758287112
1367,-0.006183594582579004
1368,0.023940624397566123
1369,-0.04588937930195368
1370,-0.047473417037152944
1371,0.025234696282114236
1372,0.006864553505450801
1373,0.021103709743603812
1374,-0.0067207210864131
1375,0.0
1376,-0.011570047280576074
1377,-0.007047245515403056
1378,0.0182205461135281
1379,0.028749413285985792
1380,0.009211348953237155
1381,0.01422499093134726
1382,0.0028208763416412634
1383,0.006737813249911817
1384,0.0029800729821404435
1385,0.00500882227041138
1386,-0.006125309174630054
1387,0.011661400080833696
1388,-0.009987136830463105
1389,0.0068537825020689395
1390,0.001844338405505939
1391,0.05502687237991039
1392,-0.004544667846588192
1393,-0.006855964272423377
1394,-0.018695461280970067
1395,0.0030506977451000886
1396,-0.014983582063242627
1397,0.006345774172918743
1398,0.007562153430209694
1399,0.014424611248089235
1400,0.0012368585373964223
1401,0.06825093995792567
1402,-0.00462887254009885
1403,0.006935298603723414
1404,-0.004287605513033896
1405,0.011501934228748404
1406,-0.006227486530364528
1407,0.0019707675946666215
1408,0.004583409562582392
1409,0.0011425774523026665
1410,-0.0004895162046024449
1411,0.0021195084155335425
1412,-0.006208155864573175
1413,0.0018010647521104794
1414,0.007334398455720113
1415,0.00032472804311980047
1416,-0.0027635553636380316
1417,0.007783402355304587
1418,0.01427335594301222
1419,-0.0017531281882758125
1420,0.0
1421,-0.006722176401516433
1422,-0.024218981395713594
1423,-0.0019762852282119926
1424,-0.03591592610851135
1425,0.02263992627262933
1426,-0.012270092591814247
1427,0.00472415253491154
1428,0.017188575036888715
1429,-0.0021532099416432895
1430,0.004631935494002319
1431,-0.006457510642122382
1432,0.015166792543489512
1433,0.0009811938644923221
1434,-0.008865597388641167
1435,-0.00280736704899475
1436,0.01395867971849184
1437,0.005367175606739997
1438,0.005177167363662864
1439,0.002739506990885185
1440,-0.0051629672609310555
1441,-0.008120882700356899
1442,0.012961944276872943
1443,0.007377739960249666
1444,-0.00834407922050184
1445,-0.012158697245637605
1446,-0.026778459594038156
1447,-0.011627058274838991
1448,-0.01005033585350145
1449,0.010050335853501506
1450,-0.005097717071668606
1451,0.002722015971275821
1452,0.019349472196094668
1453,-0.005011704442520375
1454,-0.0035231980073170167
1455,0.018978428782532163
1456,0.0044426235142768855
1457,-0.0059278948492920295
1458,-0.003142836099453021
1459,-0.0009945301665084585
1460,0.0041373662659614265
1461,-0.006129398797202068
1462,-0.00533156877734624
1463,-0.003849699289538284
1464,0.009845719918573203
1465,0.03283267552753861
1466,0.027420689384627082
1467,0.005457252181018363
1468,-0.02950904449954053
1469,0.011306753149268732
1470,0.005999386481941887
1471,0.02579384765800597
1472,0.0070315178123574245
1473,-0.003051108392896346
1474,-0.013536585717533488
1475,0.009709562294231902
1476,0.005658805342920693
1477,0.008201747069958704
1478,0.0
1479,-0.00045389213276412956
1480,-0.002727687704260924
1481,0.0019707426980182983
1482,0.0022691182869861667
1483,-0.07774103700360313
1484,0.013303246160753197
1485,0.01883836041990561
1486,0.0041035411118367044
1487,0.0157828106193682
1488,0.0106408591347212
1489,-0.010175850988699562
1490,-0.014359541257035483
1491,0.02315385852381058
1492,-0.0007683442560091812
1493,0.011919456521270966
1494,-0.01994542953203696
1495,0.007410872268629094
1496,0.004450932066007879
1497,-0.0019927959380963024
1498,0.0032171609517755427
1499,0.0003058571670885883
1500,0.0
1501,0.0
1502,-0.011224843004651708
1503,0.0013907133509329977
1504,-0.009464037747788949
1505,0.0
1506,-0.004687508583097161
1507,-0.00046996162845083566
1508,-0.01946109991348731
1509,0.017265020599517324
1510,0.011553602366925209
1511,0.0066527668593999376
1512,0.024824239784739993
1513,0.0
1514,-0.0021081170282863837
1515,0.0
1516,-0.021175290402297813
1517,0.023584204545199765
1518,-0.012255240757426957
1519,0.018700590208169433
1520,0.001492983257315487
1521,0.012895754194784092
1522,0.013458365804683613
1523,-0.017442728782485706
1524,0.016570508927800005
1525,0.004353511447197618
1526,-0.025072789105473444
1527,0.01561610991653375
1528,0.005393992231213559
1529,0.009406045761061835
1530,-0.003751808152688691
1531,0.006484639770799504
1532,0.05830684922313393
1533,-0.039665256392431285
1534,-0.0004230416759135417
1535,-0.0033907916070827844
1536,0.0016968329863182186
1537,0.015699789809683676
1538,-0.0026460568325176615
1539,-0.00041843922780824806
1540,0.0
1541,0.011098893068048765
1542,0.007696574551989067
1543,-0.004528309624747734
1544,0.0016490315678584764
1545,0.004110721053035981
1546,-0.008376293396209463
1547,0.015325970478226772
1548,-0.008591938296882713
1549,0.003964190824611232
1550,0.00842281844082296
1551,-0.0010828371388319376
1552,-0.004207103986465861
1553,-0.0006802258612060051
1554,0.006375928809883836
1555,0.007409936228704984
1556,-0.006869176448054315
1557,0.007137596795928091
1558,-0.005382144316228588
1559,0.002156335067345987
1560,0.0009419364216590357
1561,-0.02740644638221202
1562,0.01590817969483909
1563,-0.01025650016718911
1564,0.005483221414531401
1565,-0.004521484718846119
1566,0.00929476347150365
1567,0.0024459857282604423
1568,0.0027107633839875867
1569,-0.001354463162509514
1570,-0.0077556685099783905
1571,0.0032728789613350804
1572,-0.005871526392395616
1573,0.006824101819940811
1574,0.00731809743803507
1575,-0.008815409362776758
1576,-0.010269139329634129
1577,-0.007043741573175927
1578,0.0012466238888499356
1579,0.0
1580,0.010739467118760813
1581,0.015086932441137492
1582,0.00979939380765449
1583,0.010233327391655193
1584,-0.015993943496118677
1585,0.020216142669962415
1586,0.010217537147792048
1587,-0.0075876868484030325
1588,0.007848307126135575
1589,-0.015361688545963629
1590,0.007644692561767024
1591,-0.006190339162033838
1592,-0.005830147692090874
1593,-0.0031944656474400942
1594,0.002130777207832483
1595,0.003850499346786843
1596,0.013034217838907125
1597,0.026589072835092997
1598,0.00672804822944823
1599,-0.0005062009725909551
1600,0.014202463322957685
1601,0.01854652567328537
1602,-0.04113851322557923
1603,0.012684086848498755
1604,0.01053169212817683
1605,0.011532150867892324
1606,0.002954575582793482
1607,0.0038034522263829668
1608,0.0013461422824562837
1609,-0.000856426307928618
1610,0.0
1611,0.009865496250294748
1612,0.009529051056544984
1613,0.0015594077411862197
1614,0.010848291404430655
1615,0.00201362223797715
1616,0.00801418549835803
1617,0.012945542034633035
1618,0.006468029017293481
1619,-0.039690544897675754
1620,-0.004803083201088479
1621,0.005401849759903429
1622,-0.01483474108479078
1623,-0.008909560370535174
1624,-0.004176910249626461
1625,0.016846101511551408
1626,-0.027738646390892345
1627,0.005956091562231431
1628,-0.009446931661210651
1629,0.018805453356166544
1630,-0.015937084487992883
1631,-0.019999408798357238
1632,0.014129161503348801
1633,-0.031171024385340633
1634,-0.002587993162894067
1635,-0.017910146041260174
1636,0.0
1637,0.027709089842350515
1638,-0.010576649608272934
1639,0.01595094277404977
1640,0.005091660694584887
1641,0.004434035262380039
1642,0.013185348303249729
1643,-0.008393409751533382
1644,0.016840664950399185
1645,0.0023475639372137107
1646,0.006642090839854975
1647,0.00903105967206366
1648,0.008829812433025963
1649,-0.02635584470536266
1650,-0.0040884650892325505
1651,0.004830029824736068
1652,0.02139053628635583
1653,-0.021514092226464724
1654,-0.0028460082317074576
1655,-0.00821206556037039
1656,0.0036166404701882936
1657,-0.006369050565133423
1658,0.010716613465423264
1659,0.034236151119898035
1660,0.01768907048075642
1661,-0.0042452893947440345
1662,-0.012127125201265644
1663,-0.028635783378472054
1664,0.011869212451858074
1665,0.021777916577193947
1666,0.003208368268155018
1667,-0.00154348501999117
1668,-0.030277929572925497
1669,-0.0008576855270618104
1670,-0.0006130832145929576
1671,0.01436946302899544
1672,0.0022945484374343457
1673,-0.0025363864071740127
1674,-0.0007258650209823155
1675,0.01358275584918855
1676,0.0008353720874844697
1677,0.021828487489727388
1678,0.012987195526811112
1679,0.012024192966801591
1680,0.0
1681,-0.01560201431468573
1682,-0.0042871278222581044
1683,0.01463918714329057
1684,-0.009427524411770574
1685,0.02069236447491143
1686,0.0007917209032005462
1687,-0.001244414437413821
1688,0.010136363395951293
1689,0.004249139793665227
1690,0.015390881231267386
1691,-0.00032968844740629053
1692,-0.029673119613072976
1693,0.0006791171738086843
1694,0.014713580427317864
1695,-0.01822732731254365
1696,-0.0035261368503931956
1697,0.013131273129020946
1698,0.0024710784224139
1699,0.0071540658353763595
1700,0.0085399509756362
1701,0.0018756556500196394
1702,0.00965343170064256
1703,-0.003280484079161724
1704,0.002734483519596908
1705,-0.0006555944290758572
1706,0.004688956849056402
1707,0.00010878433516316642
1708,-0.0016330089089759143
1709,-0.0002179361455721042
1710,0.0014157366916783037
1711,-0.0020698302503744156
1712,0.004569695690065268
1713,0.01004490813577534
1714,-0.0034449382761250766
1715,-0.0012949176299570373
1716,0.007530156063752969
1717,-0.01066648048614122
1718,0.008628181223338409
1719,0.0170361871525678
1720,0.005159807161904455
1721,-0.004315569036623887
1722,-0.01927744877087023
1723,0.005041576782174154
1724,0.0021376664831155956
1725,0.017987999561643996
1726,-0.04197618383048448
1727,0.014871373120746368
1728,-0.02178498090556447
1729,0.008225083382628964
1730,-0.005915232495870175
1731,-0.00010987199923141197
1732,-0.015725683979777257
1733,0.013195290418832424
1734,0.005711790572603259
1735,0.0009852756831876302
1736,0.005238470999264762
1737,-0.016130266885244278
1738,0.0
1739,0.006285514435839558
1740,-0.022680238422421676
1741,0.01838389471651912
1742,-0.04516459611423329
1743,0.004724327505614807
1744,0.00011494913513447325
1745,-0.008078520565201436
1746,-0.0010434178675486159
1747,0.001159286009732677
1748,0.012435393407886675
1749,0.00022883295294364199
1750,-0.00022883295294361485
1751,-0.01789576131700988
1752,0.006502577487566847
1753,-0.01082223863208345
1754,0.014864981649041953
1755,0.02526881542970742
1756,0.006944472352810995
1757,0.007007425370762732
1758,-0.008459533975547839
1759,-0.006054508908706149
1760,0.0
1761,-0.0032666883456892977
1762,-0.0025984311067087412
1763,0.002372748415613279
1764,-0.008272470542801662
1765,0.0
1766,0.028382633232865554
1767,0.014930566081646647
1768,0.002394428658144135
1769,0.002930802640608723
1770,0.00389442292293137
1771,-0.0011883542693786767
1772,-0.01700684181909598
1773,0.012673610036012946
1774,0.014336004079772606
1775,0.0
1776,-0.0011779195022615498
1777,0.028414903525138896
1778,0.013139705884542212
1779,0.0016432169662335373
1780,0.012644198230345903
1781,-0.0017240509315786532
1782,-0.03260036993529748
1783,-0.030666798392972188
1784,0.04679030782239137
1785,-0.00030961350162185953
1786,-0.019701476342745716
1787,0.0024183808642816527
1788,-0.007166978401282348
1789,-0.01309574211915978
1790,-0.04168865796512099
1791,0.026680008259690666
1792,-0.10316295141237292
1793,-0.036979829355898185
1794,0.01416700716819901
1795,0.024138682684464664
1796,-0.026980822379536407
1797,0.01717622891868566
1798,0.0034001247085982994
1799,0.011091132380880183
1800,0.0
1801,0.01723463352065841
1802,-0.008401919137363656
1803,-0.002736956548773309
1804,0.0146678759372369
1805,0.014224327507276405
1806,0.024811196696287438
1807,0.004282179182706311
1808,0.0010115201761594222
1809,0.025180188989281142
1810,0.03424107120405358
1811,0.021985810197783527
1812,-0.01040917070073816
1813,-0.002409513501408564
1814,0.03736732413192
1815,0.012750536679213092
1816,-0.02229375631417806
1817,-0.007988571775079062
1818,0.0028750404853679656
1819,0.006642505645982811
1820,-0.012400876313451596
1821,0.0160609047993622
1822,0.006776258545993943
1823,-0.027177806787287633
1824,-0.026659849284063845
1825,0.04146427305726746
